[
    {
        "city": "Ranchi",
        "state": "Jharkhand",
        "lat": 29.0760,
        "lng": 77.8777,
        "capital": false
    },
    {
        "city": "Mumbai",
        "state": "Maharashtra",
        "lat": 19.0760,
        "lng": 72.8777,
        "capital": false
    },
    {
        "city": "New Delhi",
        "state": "Delhi",
        "lat": 28.6139,
        "lng": 77.2090,
        "capital": true
    },
    {
        "city": "Bangalore",
        "state": "Karnataka",
        "lat": 12.9716,
        "lng": 77.5946,
        "capital": false
    },
    {
        "city": "Kolkata",
        "state": "West Bengal",
        "lat": 22.5726,
        "lng": 88.3639,
        "capital": false
    },
    {
        "city": "Chennai",
        "state": "Tamil Nadu",
        "lat": 13.0827,
        "lng": 80.2707,
        "capital": false
    },
    {
        "city": "Hyderabad",
        "state": "Telangana",
        "lat": 17.3850,
        "lng": 78.4867,
        "capital": false
    },
    {
        "city": "Jaipur",
        "state": "Rajasthan",
        "lat": 26.9124,
        "lng": 75.7873,
        "capital": true
    },
    {
        "city": "Ahmedabad",
        "state": "Gujarat",
        "lat": 23.0225,
        "lng": 72.5714,
        "capital": false
    },
    {
        "city": "Lucknow",
        "state": "Uttar Pradesh",
        "lat": 26.8467,
        "lng": 80.9462,
        "capital": true
    },
    {
        "city": "Patna",
        "state": "Bihar",
        "lat": 25.5941,
        "lng": 85.1376,
        "capital": true
    },
    {
        "city": "Chandigarh",
        "state": "Punjab",
        "lat": 30.7333,
        "lng": 76.7794,
        "capital": true
    },
    {
        "city": "Bhopal",
        "state": "Madhya Pradesh",
        "lat": 23.2599,
        "lng": 77.4126,
        "capital": true
    },
    {
        "city": "Guwahati",
        "state": "Assam",
        "lat": 26.1445,
        "lng": 91.7362,
        "capital": false
    },
    {
        "city": "Dehradun",
        "state": "Uttarakhand",
        "lat": 30.3165,
        "lng": 78.0322,
        "capital": true
    },
    {
        "city": "Panaji",
        "state": "Goa",
        "lat": 15.4909,
        "lng": 73.8278,
        "capital": true
    }
]
